{"accuracy": 80.5778101480942, "avg_loss": 0.00023033732376969188, "recall": 0.9223946784922394, "avg_eq_odds": 0.9615384615384616, "avg_dem_par": 0.3552215189873418, "basic.4y": 0.8421052631578947, "basic.6y": 0.8823529411764706, "basic.9y": 0.9302325581395349, "high.school": 0.9381443298969072, "professional.course": 0.8923076923076924, "university.degree": 0.9393939393939394, "unknown": 0.9615384615384616, "_step": 3, "_runtime": 29560, "_timestamp": 1604409963}