{"accuracy": 84.38941490653072, "avg_loss": 0.00018353280178346978, "recall": 0.8913525498891353, "avg_eq_odds": 0.9411764705882353, "avg_dem_par": 0.30538922155688625, "basic.4y": 0.868421052631579, "basic.6y": 0.9411764705882353, "basic.9y": 0.8372093023255814, "high.school": 0.9175257731958762, "professional.course": 0.8461538461538461, "university.degree": 0.9212121212121213, "unknown": 0.8076923076923077, "_step": 1, "_runtime": 5759, "_timestamp": 1604386162}