{"accuracy": 98.56975734933394, "avg_loss": 1.547495065227923e-06, "recall": 0.9946295375435107, "avg_eq_odds": 0.030189108863429365, "avg_dem_par": 0.01846474352398242, " 10th": 0.9542713567839196, " 11th": 1.0, " 12th": 0.6117817479478512, " 1st-4th": 0.9765625, " 5th-6th": 0.9661499215070644, " 7th-8th": 0.9895724713242962, " 9th": 0.9702643171806168, "_step": 1, "_runtime": 176, "_timestamp": 1604360303, "10th": 0.9960615825277479, "11th": 0.9947970863683663, "12th": 0.9958988380041012, "1st-4th": 0.9905923344947736, "5th-6th": 0.9924372636644895, "7th-8th": 0.9979353062629044, "9th": 0.9946865037194474}