{"accuracy": 97.8489754330352, "avg_loss": 2.127217377773829e-06, "recall": 0.9972153157633018, "avg_eq_odds": 0.11385329431944305, "avg_dem_par": 0.026372470006595594, " 10th": 0.949748743718593, " 11th": 0.8461538461538461, " 12th": 0.530902945436987, " 1st-4th": 0.9765625, " 5th-6th": 0.9642857142857143, " 7th-8th": 0.9885297184567258, " 9th": 0.9680616740088106, "_step": 3, "_runtime": 346, "_timestamp": 1604336576, "10th": 0.9957035445757251, "11th": 0.9968782518210197, "12th": 0.9962406015037594, "1st-4th": 0.9975609756097561, "5th-6th": 0.9955311103471983, "7th-8th": 0.9993117687543015, "9th": 0.9992915338292596}