{"accuracy": 48.6320238499566, "avg_loss": 2.8285268450814412e-05, "recall": 0.44117354549975135, "avg_eq_odds": 0.19914100847835786, "avg_dem_par": 0.13621801931781885, " 10th": 0.8874856486796785, " 11th": 0.831390134529148, " 12th": 0.7475, " 1st-4th": 0.691358024691358, " 5th-6th": 0.9148264984227129, " 7th-8th": 0.8267326732673267, " 9th": 0.9014373716632443, " Assoc-acdm": 0.5536159600997507, " Assoc-voc": 0.5073457394711067, " Bachelors": 0.309189534141672, " Doctorate": 0.1308411214953271, " HS-grad": 0.6974847042828008, " Masters": 0.21596858638743455, " Preschool": 0.7254901960784313, " Prof-school": 0.1830065359477124, " Some-college": 0.6935975609756098, "_step": 3, "_runtime": 26, "_timestamp": 1604282446, "10th": 0.4714738510301109, "11th": 0.4525968672712284, "12th": 0.4402618657937807, "1st-4th": 0.4928517682468021, "5th-6th": 0.398834304746045, "7th-8th": 0.37439222042139386, "9th": 0.4817813765182186, "Assoc-acdm": 0.4761171032357473, "Assoc-voc": 0.3779342723004695, "Bachelors": 0.4155324259407526, "Doctorate": 0.4065040650406504, "HS-grad": 0.47013188518231186, "Masters": 0.497626582278481, "Preschool": 0.4648105181747873, "Prof-school": 0.4088397790055249, "Some-college": 0.42134831460674155}