{"accuracy": 85.38480213644088, "avg_loss": 0.00011583238036981571, "recall": 0.4501108647450111, "avg_eq_odds": 0.5051546391752577, "avg_dem_par": 0.16069489685124863, "basic.4y": 0.47368421052631576, "basic.6y": 0.23529411764705882, "basic.9y": 0.4418604651162791, "high.school": 0.5051546391752577, "professional.course": 0.35384615384615387, "university.degree": 0.503030303030303, "unknown": 0.2692307692307692, "_step": 3, "_runtime": 656, "_timestamp": 1604479471}