{"accuracy": 97.88293897882939, "avg_loss": 2.275704898907646e-06, "recall": 0.9821481849825957, "avg_eq_odds": 0.020954423940635375, "avg_dem_par": 0.02114280421899617, " 10th": 0.957286432160804, " 11th": 0.9230769230769231, " 12th": 0.5529937228392081, " 1st-4th": 0.9791666666666666, " 5th-6th": 0.9763540031397174, " 7th-8th": 0.9874869655891554, " 9th": 0.9361233480176211, "_step": 1, "_runtime": 187, "_timestamp": 1604360056, "10th": 0.9702828499820981, "11th": 0.9857787027402012, "12th": 0.9863294600136705, "1st-4th": 0.9822299651567944, "5th-6th": 0.9776555517359917, "7th-8th": 0.9845147969717826, "9th": 0.9879560750974141}