{"accuracy": 79.14683209975124, "avg_loss": 2.8628364783357605e-05, "recall": 0.7722087378640776, "avg_eq_odds": 0.5943920189626197, "avg_dem_par": 0.719879917950158, " 10th": 0.9482412060301507, " 11th": 0.7692307692307693, " 12th": 0.38676967648478994, " 1st-4th": 0.9088541666666666, " 5th-6th": 0.9811616954474097, " 7th-8th": 0.9676746611053181, " 9th": 0.9074889867841409, "_step": 3, "_runtime": 9796, "_timestamp": 1604308590}