{"accuracy": 82.15586307356155, "avg_loss": 0.00016712440568053858, "recall": 0.8647450110864745, "avg_eq_odds": 0.34315463003987595, "avg_dem_par": 0.3194680966701692, "basic.4y": 0.9302325581395349, "basic.6y": 0.8452380952380952, "basic.9y": 0.8774193548387097, "high.school": 1.0, "_step": 0, "_runtime": 251, "_timestamp": 1603938756}