{"accuracy": 70.34580185492291, "avg_loss": 6.698964598518458e-05, "recall": 0.7979091274628066, "avg_eq_odds": 0.4304374240583232, "avg_dem_par": 0.3696881830924218, " 10th": 0.9525731584258325, " 11th": 0.7, " 12th": 0.5881780588664558, " 1st-4th": 0.978494623655914, " 5th-6th": 0.9701463790446841, " 7th-8th": 0.9788135593220338, " 9th": 0.9481327800829875, "_step": 3, "_runtime": 337, "_timestamp": 1604361060, "10th": 0.8784056508577195, "11th": 0.9, "12th": 0.5662855752858186, "1st-4th": 0.8118279569892473, "5th-6th": 0.9443374422187981, "7th-8th": 0.8665254237288136, "9th": 0.7904564315352697}