{"accuracy": 79.19397912114592, "avg_loss": 0.00015155650886930171, "recall": 0.34146341463414637, "avg_eq_odds": 0.36507936507936506, "avg_dem_par": 0.202081526452732, "basic.4y": 0.18604651162790697, "basic.6y": 0.36507936507936506, "basic.9y": 0.34838709677419355, "high.school": 1.0, "_step": 2, "_runtime": 696, "_timestamp": 1604477827}