{"accuracy": 85.57902403495994, "avg_loss": 0.00011285473837902257, "recall": 0.5742793791574279, "avg_eq_odds": 0.44047619047619047, "avg_dem_par": 0.050270497318362306, "basic.4y": 0.6511627906976745, "basic.6y": 0.5595238095238095, "basic.9y": 0.5741935483870968, "high.school": 1.0, "_step": 3, "_runtime": 694, "_timestamp": 1604478666}