{"accuracy": 89.70623937848993, "avg_loss": 5.420921612318409e-05, "recall": 0.6518847006651884, "avg_eq_odds": 0.6706349206349206, "avg_dem_par": 0.07734763068674602, "basic.4y": 0.627906976744186, "basic.6y": 0.6706349206349206, "basic.9y": 0.632258064516129, "high.school": 1.0, "_step": 4, "_runtime": 41, "_timestamp": 1603938435}