{"accuracy": 89.75479485311969, "avg_loss": 5.2887133297106395e-05, "recall": 0.6541019955654102, "avg_eq_odds": 0.7441860465116279, "avg_dem_par": 0.08602065757312938, "basic.4y": 0.7441860465116279, "basic.6y": 0.6388888888888888, "basic.9y": 0.6580645161290323, "high.school": 1.0, "_step": 2, "_runtime": 25, "_timestamp": 1604276677}