{"accuracy": 85.91259482202635, "avg_loss": 9.056816947229159e-06, "recall": 0.8495145631067961, "avg_eq_odds": 0.5, "avg_dem_par": 0.8280871670702179, " 10th": 0.9770378874856487, " 11th": 0.9856502242152466, " 12th": 0.9725, " 1st-4th": 1.0, " 5th-6th": 0.9905362776025236, " 7th-8th": 0.995049504950495, " 9th": 0.9876796714579056, " Assoc-acdm": 0.8740648379052369, " Assoc-voc": 0.8403525954946132, " Bachelors": 0.7278238672622847, " Doctorate": 0.616822429906542, " HS-grad": 0.8395649218218899, " Masters": 0.6596858638743456, " Preschool": 1.0, " Prof-school": 0.6797385620915033, " Some-college": 0.8682249322493225, "_step": 0, "_runtime": 103, "_timestamp": 1604338008}