{"accuracy": 98.31691761953282, "avg_loss": 1.7736874830903205e-06, "recall": 0.9924415713575335, "avg_eq_odds": 0.050147095583286866, "avg_dem_par": 0.049150998314092864, " 10th": 0.981630309988519, " 11th": 0.9811659192825112, " 12th": 0.9975, " 1st-4th": 1.0, " 5th-6th": 0.9936908517350158, " 7th-8th": 0.966996699669967, " 9th": 0.9753593429158111, " Assoc-acdm": 0.8591022443890274, " Assoc-voc": 0.8383937316356513, " Bachelors": 0.7418634333120613, " Doctorate": 0.5514018691588785, " HS-grad": 0.8206435531384546, " Masters": 0.6897905759162304, " Preschool": 1.0, " Prof-school": 0.5947712418300654, " Some-college": 0.8682249322493225, "_step": 3, "_runtime": 319, "_timestamp": 1604336154, "10th": 0.9928684627575277, "11th": 0.9901071723000825, "12th": 0.9893617021276596, "1st-4th": 0.9887133182844243, "5th-6th": 0.9925062447960034, "7th-8th": 0.9943273905996759, "9th": 0.9927125506072875, "Assoc-acdm": 0.9953775038520801, "Assoc-voc": 0.9929577464788732, "Bachelors": 0.9967974379503602, "Doctorate": 0.9861788617886179, "HS-grad": 0.9968968192397207, "Masters": 0.9936708860759493, "Preschool": 0.9907192575406032, "Prof-school": 0.9921073401736386, "Some-college": 0.9935794542536116}