{"accuracy": 79.47851724455637, "avg_loss": 2.6682082113208177e-05, "recall": 0.7786407766990291, "avg_eq_odds": 0.616412925002637, "avg_dem_par": 0.6982478632478633, " 10th": 0.9376884422110553, " 11th": 0.6923076923076923, " 12th": 0.4104297440849831, " 1st-4th": 0.9427083333333334, " 5th-6th": 0.9742935635792779, " 7th-8th": 0.9801876955161627, " 9th": 0.9636563876651982, "_step": 3, "_runtime": 11361, "_timestamp": 1604350555}