{"accuracy": 84.53508133042, "avg_loss": 7.917477859400754e-05, "recall": 0.8780487804878049, "avg_eq_odds": 0.36397873283119186, "avg_dem_par": 0.3370049639479691, "basic.4y": 0.9069767441860465, "basic.6y": 0.8571428571428571, "basic.9y": 0.9032258064516129, "high.school": 1.0, "_step": 0, "_runtime": 9, "_timestamp": 1604281501}