{"accuracy": 85.53046856033018, "avg_loss": 7.160467035303304e-05, "recall": 0.8470066518847007, "avg_eq_odds": 0.17815684536996013, "avg_dem_par": 0.17073082358056452, "basic.4y": 0.8837209302325582, "basic.6y": 0.8293650793650794, "basic.9y": 0.864516129032258, "_step": 2, "_runtime": 23, "_timestamp": 1603938044, "high.school": 1.0}