{"accuracy": 84.21947074532653, "avg_loss": 0.0001805428742031126, "recall": 0.88470066518847, "avg_eq_odds": 0.2626495347806823, "avg_dem_par": 0.24370448204645095, "basic.4y": 0.9302325581395349, "basic.6y": 0.8690476190476191, "basic.9y": 0.896774193548387, "high.school": 1.0, "_step": 3, "_runtime": 15522, "_timestamp": 1604298163}