{"accuracy": 75.3332104907561, "avg_loss": 4.304617718406702e-05, "recall": 0.8222758343385606, "avg_eq_odds": 0.6752577319587629, "avg_dem_par": 0.530765503875969, " 10th": 1.0, " 11th": 0.9933884297520661, " 12th": 0.9808612440191388, " 1st-4th": 0.987012987012987, " 5th-6th": 0.9818181818181818, " 7th-8th": 0.9930313588850174, " 9th": 0.9868421052631579, " Assoc-acdm": 0.883419689119171, " Assoc-voc": 0.8957528957528957, " Bachelors": 0.7693282636248415, " Doctorate": 0.4642857142857143, " HS-grad": 0.9028058361391694, " Masters": 0.6797235023041475, " Preschool": 1.0, " Prof-school": 0.46875, " Some-college": 0.8639642734455514, "_step": 3, "_runtime": 963, "_timestamp": 1604477014, "10th": 0.8793503480278422, "11th": 0.943801652892562, "12th": 0.8516746411483254, "1st-4th": 0.922077922077922, "5th-6th": 0.7515151515151515, "7th-8th": 0.8989547038327527, "9th": 0.9254385964912281, "Assoc-acdm": 0.8575129533678757, "Assoc-voc": 0.8146718146718147, "Bachelors": 0.8105196451204055, "Doctorate": 0.7142857142857143, "HS-grad": 0.7836139169472502, "Masters": 0.8663594470046083, "Preschool": 0.967741935483871, "Prof-school": 0.78125, "Some-college": 0.8292682926829268}