{"accuracy": 88.90507404709881, "avg_loss": 5.806185545693268e-05, "recall": 0.729490022172949, "avg_eq_odds": 0.813953488372093, "avg_dem_par": 0.06286440799245871, "basic.4y": 0.813953488372093, "basic.6y": 0.7341269841269841, "basic.9y": 0.7032258064516129, "_step": 2, "_runtime": 27, "_timestamp": 1603937904, "high.school": 1.0}