{"accuracy": 78.56275795095897, "avg_loss": 0.00020352481319708106, "recall": 0.1419068736141907, "avg_eq_odds": 0.9174757281553398, "avg_dem_par": 0.9163952225841476, "basic.4y": 0.05263157894736842, "basic.6y": 0.4117647058823529, "basic.9y": 0.20930232558139536, "high.school": 0.09278350515463918, "professional.course": 0.16923076923076924, "university.degree": 0.1393939393939394, "unknown": 0.11538461538461539, "_step": 3, "_runtime": 837, "_timestamp": 1604381171}