{"accuracy": 89.63340616654529, "avg_loss": 5.347018509300104e-05, "recall": 0.6363636363636364, "avg_eq_odds": 0.7023809523809523, "avg_dem_par": 0.04959394465031933, "basic.4y": 0.6511627906976745, "basic.6y": 0.7023809523809523, "basic.9y": 0.5290322580645161, "_step": 0, "_runtime": 8, "_timestamp": 1603937780}