{"accuracy": 21.63146394756009, "avg_loss": 0.00022394637165500228, "recall": 0.9401330376940134, "avg_eq_odds": 0.21182364729458925, "avg_dem_par": 0.18859891192935418, "basic.4y": 0.9767441860465116, "basic.6y": 0.9325396825396826, "basic.9y": 0.9419354838709677, "high.school": 1.0, "_step": 3, "_runtime": 32, "_timestamp": 1604282314}