{"accuracy": 78.09102634973281, "avg_loss": 5.506430553222829e-05, "recall": 0.7569762766385203, "avg_eq_odds": 0.8, "avg_dem_par": 0.8166054671562627, " 10th": 0.9651972157772621, " 11th": 0.9636363636363636, " 12th": 0.8755980861244019, " 1st-4th": 0.9090909090909091, " 5th-6th": 0.9515151515151515, " 7th-8th": 0.9303135888501742, " 9th": 0.9166666666666666, " Assoc-acdm": 0.7616580310880829, " Assoc-voc": 0.6776061776061776, " Bachelors": 0.6996197718631179, " Doctorate": 0.48214285714285715, " HS-grad": 0.7185185185185186, " Masters": 0.6290322580645161, " Preschool": 0.8064516129032258, " Prof-school": 0.4375, " Some-college": 0.7643421504637582, "_step": 3, "_runtime": 11804, "_timestamp": 1604373462}