{"accuracy": 98.12445752669912, "avg_loss": 1.987983967530115e-06, "recall": 0.9924912978617603, "avg_eq_odds": 0.08943135964284693, "avg_dem_par": 0.04599367019535083, " 10th": 0.9724454649827784, " 11th": 0.9838565022421525, " 12th": 0.9675, " 1st-4th": 0.9938271604938271, " 5th-6th": 0.9842271293375394, " 7th-8th": 0.9851485148514851, " 9th": 0.9917864476386037, " Assoc-acdm": 0.8541147132169576, " Assoc-voc": 0.8237022526934378, " Bachelors": 0.7166560306317805, " Doctorate": 0.5981308411214953, " HS-grad": 0.8115794244278268, " Masters": 0.6465968586387435, " Preschool": 1.0, " Prof-school": 0.5816993464052288, " Some-college": 0.8584010840108401, "_step": 3, "_runtime": 584, "_timestamp": 1604283187, "10th": 0.9928684627575277, "11th": 0.9917559769167353, "12th": 0.9885433715220949, "1st-4th": 0.9939804364183596, "5th-6th": 0.9916736053288926, "7th-8th": 0.9894651539708266, "9th": 0.9951417004048583, "Assoc-acdm": 0.9969183359013868, "Assoc-voc": 0.9929577464788732, "Bachelors": 0.9935948759007206, "Doctorate": 0.9943089430894309, "HS-grad": 0.9945694336695112, "Masters": 0.9920886075949367, "Preschool": 0.9876256767208044, "Prof-school": 0.9968429360694554, "Some-college": 0.9871589085072231}