{"accuracy": 82.73852876911872, "avg_loss": 0.0002005876166984334, "recall": 0.9135254988913526, "avg_eq_odds": 0.9302325581395349, "avg_dem_par": 0.32934131736526945, "basic.4y": 0.868421052631579, "basic.6y": 0.8823529411764706, "basic.9y": 0.9302325581395349, "high.school": 0.9278350515463918, "professional.course": 0.8923076923076924, "university.degree": 0.9272727272727272, "unknown": 0.8846153846153846, "_step": 3, "_runtime": 15470, "_timestamp": 1604354332}