{"accuracy": 75.59117990295437, "avg_loss": 4.5449326924467605e-05, "recall": 0.8402090872537193, "avg_eq_odds": 0.5874807395993836, "avg_dem_par": 0.4858299595141701, " 10th": 0.9530776992936428, " 11th": 0.9, " 12th": 0.6283142787642909, " 1st-4th": 0.9623655913978495, " 5th-6th": 0.9768875192604006, " 7th-8th": 0.9766949152542372, " 9th": 0.9543568464730291, "_step": 3, "_runtime": 347, "_timestamp": 1604473941, "10th": 0.9687184661957619, "11th": 0.4, "12th": 0.5623935782048164, "1st-4th": 0.9623655913978495, "5th-6th": 0.9874807395993837, "7th-8th": 0.9661016949152542, "9th": 0.9336099585062241}