{"accuracy": 80.91769847050254, "avg_loss": 0.00019000901502149435, "recall": 0.09090909090909091, "avg_eq_odds": 0.13987975951903808, "avg_dem_par": 0.12717811243396673, "basic.4y": 0.09302325581395349, "basic.6y": 0.1349206349206349, "basic.9y": 0.01935483870967742, "high.school": 1.0, "_step": 3, "_runtime": 930, "_timestamp": 1604283517}