{"accuracy": 81.08764263170673, "avg_loss": 0.0001747223844109128, "recall": 0.1352549889135255, "avg_eq_odds": 0.23255813953488372, "avg_dem_par": 0.09772093191782312, "basic.4y": 0.23255813953488372, "basic.6y": 0.10317460317460317, "basic.9y": 0.16129032258064516, "high.school": 1.0, "_step": 3, "_runtime": 830, "_timestamp": 1604363534}