{"accuracy": 82.73852876911872, "avg_loss": 0.00010509980364487164, "recall": 0.835920177383592, "avg_eq_odds": 0.34615384615384615, "avg_dem_par": 0.32348145128414185, "basic.4y": 0.8604651162790697, "basic.6y": 0.8174603174603174, "basic.9y": 0.8580645161290322, "_step": 3, "_runtime": 37, "_timestamp": 1604500583, "high.school": 1.0}