{"accuracy": 76.35348385530469, "avg_loss": 0.00019879983912164884, "recall": 0.1352549889135255, "avg_eq_odds": 0.23529411764705882, "avg_dem_par": 0.2247557003257329, "basic.4y": 0.13157894736842105, "basic.6y": 0.23529411764705882, "basic.9y": 0.13953488372093023, "high.school": 0.14432989690721648, "professional.course": 0.16923076923076924, "university.degree": 0.12727272727272726, "unknown": 0.11538461538461539, "_step": 3, "_runtime": 594, "_timestamp": 1604338763}