{"accuracy": 87.88540907987375, "avg_loss": 6.14797310737708e-05, "recall": 0.7627494456762749, "avg_eq_odds": 0.25, "avg_dem_par": 0.11577660008153279, "basic.4y": 0.813953488372093, "basic.6y": 0.75, "basic.9y": 0.7677419354838709, "_step": 4, "_runtime": 41, "_timestamp": 1603938157, "high.school": 1.0}