{"accuracy": 69.82986303052638, "avg_loss": 7.099235726328332e-05, "recall": 0.7425814234016888, "avg_eq_odds": 0.7272727272727273, "avg_dem_par": 0.4723775880679031, " 10th": 0.9605568445475638, " 11th": 0.9669421487603306, " 12th": 0.9665071770334929, " 1st-4th": 0.987012987012987, " 5th-6th": 0.9575757575757575, " 7th-8th": 0.9825783972125436, " 9th": 0.9824561403508771, " Assoc-acdm": 0.8730569948186528, " Assoc-voc": 0.8436293436293436, " Bachelors": 0.7661596958174905, " Doctorate": 0.35714285714285715, " HS-grad": 0.835016835016835, " Masters": 0.6221198156682027, " Preschool": 1.0, " Prof-school": 0.375, " Some-college": 0.867055994503607, "_step": 3, "_runtime": 339, "_timestamp": 1604361460, "10th": 0.8538283062645011, "11th": 0.8892561983471075, "12th": 0.8803827751196173, "1st-4th": 0.8961038961038961, "5th-6th": 0.7090909090909091, "7th-8th": 0.4878048780487805, "9th": 0.6973684210526315, "Assoc-acdm": 0.8290155440414507, "Assoc-voc": 0.7992277992277992, "Bachelors": 0.785171102661597, "Doctorate": 0.8214285714285714, "HS-grad": 0.6601571268237935, "Masters": 0.7188940092165899, "Preschool": 0.8709677419354839, "Prof-school": 0.703125, "Some-college": 0.7952593610443147}