{"accuracy": 97.95841352503868, "avg_loss": 2.074898410560527e-06, "recall": 0.9935852809547489, "avg_eq_odds": 0.03833817780896061, "avg_dem_par": 0.016810575065526856, " 10th": 0.950502512562814, " 11th": 0.8461538461538461, " 12th": 0.6004345726702076, " 1st-4th": 0.9739583333333334, " 5th-6th": 0.9778257456828885, " 7th-8th": 0.9885297184567258, " 9th": 0.9779735682819384, "_step": 3, "_runtime": 440, "_timestamp": 1604299216, "10th": 0.9964196204797708, "11th": 0.989247311827957, "12th": 0.992822966507177, "1st-4th": 0.9965156794425087, "5th-6th": 0.9914059814369199, "7th-8th": 0.9955264969029594, "9th": 0.9932695713779667}