{"accuracy": 82.66569555717408, "avg_loss": 0.0001700845237031785, "recall": 0.1130820399113082, "avg_eq_odds": 0.2558139534883721, "avg_dem_par": 0.05516122884734306, "basic.4y": 0.2558139534883721, "basic.6y": 0.10714285714285714, "basic.9y": 0.08387096774193549, "_step": 3, "_runtime": 579, "_timestamp": 1604337276}