{"accuracy": 98.47541416657232, "avg_loss": 1.6665421228075195e-06, "recall": 0.9947289905519642, "avg_eq_odds": 0.02347006134895016, "avg_dem_par": 0.02178665086380427, " 10th": 0.9457286432160804, " 11th": 1.0, " 12th": 0.575446644133269, " 1st-4th": 0.9765625, " 5th-6th": 0.9690934065934066, " 7th-8th": 0.9885297184567258, " 9th": 0.9757709251101322, "_step": 1, "_runtime": 181, "_timestamp": 1604360647, "10th": 0.9957035445757251, "11th": 0.9961845300034686, "12th": 0.9935064935064936, "1st-4th": 0.9958188153310105, "5th-6th": 0.9951873496046751, "7th-8th": 0.9951823812801102, "9th": 0.9914984059511158}