{"accuracy": 81.04539033228917, "avg_loss": 3.1001089275428755e-05, "recall": 0.8499396863691194, "avg_eq_odds": 0.75, "avg_dem_par": 0.4922972025498028, " 10th": 0.9571140262361252, " 11th": 0.9, " 12th": 0.616881537338847, " 1st-4th": 0.978494623655914, " 5th-6th": 0.9668721109399075, " 7th-8th": 0.9703389830508474, " 9th": 0.9688796680497925, "_step": 0, "_runtime": 93, "_timestamp": 1604470712}