{"accuracy": 79.11919167101748, "avg_loss": 2.913828736122445e-05, "recall": 0.7686084142394822, "avg_eq_odds": 0.8148148148148148, "avg_dem_par": 0.8220507670068954, " 10th": 0.9781859931113662, " 11th": 0.968609865470852, " 12th": 0.87, " 1st-4th": 0.9567901234567902, " 5th-6th": 0.9526813880126183, " 7th-8th": 0.9257425742574258, " 9th": 0.9650924024640657, " Assoc-acdm": 0.7331670822942643, " Assoc-voc": 0.7012732615083251, " Bachelors": 0.6662412252712189, " Doctorate": 0.38317757009345793, " HS-grad": 0.7508497620666214, " Masters": 0.5837696335078534, " Preschool": 0.7647058823529411, " Prof-school": 0.477124183006536, " Some-college": 0.7815040650406504, "_step": 3, "_runtime": 11357, "_timestamp": 1604293983}