{"accuracy": 80.04369992716678, "avg_loss": 0.00019012463558759176, "recall": 0.9002217294900222, "avg_eq_odds": 0.20645161290322583, "avg_dem_par": 0.18989818471683756, "basic.4y": 0.9767441860465116, "basic.6y": 0.8928571428571429, "basic.9y": 0.8903225806451613, "high.school": 1.0, "_step": 3, "_runtime": 747, "_timestamp": 1604277674}