{"accuracy": 89.41490653071133, "avg_loss": 5.279573299665421e-05, "recall": 0.6718403547671841, "avg_eq_odds": 0.33333333333333337, "avg_dem_par": 0.05625764370158989, "basic.4y": 0.6744186046511628, "basic.6y": 0.6666666666666666, "basic.9y": 0.6774193548387096, "high.school": 1.0, "_step": 0, "_runtime": 9, "_timestamp": 1604280754}