{"accuracy": 80.77203204661326, "avg_loss": 0.00019378003983799768, "recall": 0.917960088691796, "avg_eq_odds": 0.11885856079404467, "avg_dem_par": 0.10803098247044435, "basic.4y": 0.9534883720930233, "basic.6y": 0.8968253968253969, "basic.9y": 0.9419354838709677, "high.school": 1.0, "_step": 3, "_runtime": 16042, "_timestamp": 1604377815}