{"accuracy": 79.57127940544193, "avg_loss": 5.498684255828304e-05, "recall": 0.781664656212304, "avg_eq_odds": 0.6162920210611584, "avg_dem_par": 0.6835586404680015, " 10th": 0.9318869828456104, " 11th": 0.7, " 12th": 0.4205789345657991, " 1st-4th": 0.978494623655914, " 5th-6th": 0.974191063174114, " 7th-8th": 0.9533898305084746, " 9th": 0.9273858921161826, "_step": 2, "_runtime": 7917, "_timestamp": 1604388332}