{"accuracy": 80.74442601805787, "avg_loss": 4.669529866999442e-05, "recall": 0.8085243264977885, "avg_eq_odds": 0.6900826446280992, "avg_dem_par": 0.6325884954179316, " 10th": 0.9212916246215943, " 11th": 0.7, " 12th": 0.49549987837509124, " 1st-4th": 0.9354838709677419, " 5th-6th": 0.9793913713405239, " 7th-8th": 0.961864406779661, " 9th": 0.9771784232365145, "_step": 3, "_runtime": 11755, "_timestamp": 1604392170}