{"accuracy": 89.1964068948774, "avg_loss": 5.510382844453067e-05, "recall": 0.6674057649667405, "avg_eq_odds": 0.7142857142857143, "avg_dem_par": 0.06693999842308601, "basic.4y": 0.6744186046511628, "basic.6y": 0.7142857142857143, "basic.9y": 0.5935483870967742, "_step": 0, "_runtime": 9, "_timestamp": 1604282130}