{"accuracy": 73.02743384316582, "avg_loss": 0.00014763221083175909, "recall": 0.37915742793791574, "avg_eq_odds": 0.8720379146919431, "avg_dem_par": 0.8771929824561404, "basic.4y": 0.6052631578947368, "basic.6y": 0.058823529411764705, "basic.9y": 0.4186046511627907, "high.school": 0.3402061855670103, "professional.course": 0.27692307692307694, "university.degree": 0.38181818181818183, "unknown": 0.5769230769230769, "_step": 1, "_runtime": 18, "_timestamp": 1604500508}